{"cameraMode":{"drawMode":0,"name":"Shaded","section":"Shading Mode"},"sceneLighting":false,"audioPlay":false,"sceneViewState":{"showFog":true,"showMaterialUpdate":false,"showSkybox":true,"showFlares":true,"showImageEffects":true,"showParticleSystems":true},"in2DMode":false,"pivot":{"x":-2.0199999809265138,"y":1.0,"z":-0.550000011920929},"rotation":{"x":-0.29232892394065859,"y":0.06219712644815445,"z":-0.019056638702750207,"w":-0.9541028141975403},"size":2.020829200744629,"orthographic":false}