{"cameraMode":{"drawMode":0,"name":"Shaded","section":"Shading Mode"},"sceneLighting":false,"audioPlay":false,"sceneViewState":{"showFog":true,"showMaterialUpdate":false,"showSkybox":true,"showFlares":true,"showImageEffects":true,"showParticleSystems":true},"in2DMode":false,"pivot":{"x":-1.9501489400863648,"y":1.0188390016555787,"z":0.36228013038635256},"rotation":{"x":-0.12745819985866548,"y":0.008030877448618412,"z":-0.001032063621096313,"w":-0.9918109178543091},"size":2.020829200744629,"orthographic":false}